{"cameraMode":{"drawMode":0,"name":"Shaded","section":"Shading Mode"},"sceneLighting":false,"audioPlay":false,"sceneViewState":{"m_AlwaysRefresh":false,"showFog":true,"showSkybox":false,"showFlares":true,"showImageEffects":true,"showParticleSystems":true,"showVisualEffectGraphs":true,"m_FxEnabled":true},"in2DMode":false,"pivot":{"x":-0.001455407589673996,"y":0.00020678341388702393,"z":-9.5367431640625e-7},"rotation":{"x":-0.3941023647785187,"y":-0.15436413884162904,"z":0.06734102219343186,"w":-0.9035112261772156},"size":0.320237934589386,"orthographic":false}