{"cameraMode":{"drawMode":0,"name":"Shaded","section":"Shading Mode"},"sceneLighting":false,"audioPlay":false,"sceneViewState":{"m_AlwaysRefresh":false,"showFog":true,"showSkybox":false,"showFlares":true,"showImageEffects":true,"showParticleSystems":true,"showVisualEffectGraphs":true,"m_FxEnabled":true},"in2DMode":false,"pivot":{"x":0.22143471240997315,"y":0.03614401817321777,"z":-0.0003082994371652603},"rotation":{"x":-0.14510560035705567,"y":-0.010829178616404534,"z":0.00552722392603755,"w":-0.9883984327316284},"size":0.9939386248588562,"orthographic":false}