{"cameraMode":{"drawMode":0,"name":"Shaded","section":"Shading Mode"},"sceneLighting":false,"audioPlay":false,"sceneViewState":{"m_AlwaysRefresh":false,"showFog":true,"showSkybox":false,"showFlares":true,"showImageEffects":true,"showParticleSystems":true,"showVisualEffectGraphs":true,"m_FxEnabled":true},"in2DMode":false,"pivot":{"x":296.8318176269531,"y":200.54579162597657,"z":4.763824462890625},"rotation":{"x":-0.018226176500320436,"y":-0.014110680669546128,"z":0.004840116482228041,"w":-0.998589277267456},"size":240.80130004882813,"orthographic":false}