{"cameraMode":{"drawMode":0,"name":"Shaded","section":"Shading Mode"},"sceneLighting":false,"audioPlay":false,"sceneViewState":{"m_AlwaysRefresh":false,"showFog":true,"showSkybox":false,"showFlares":true,"showImageEffects":true,"showParticleSystems":true,"showVisualEffectGraphs":true,"m_FxEnabled":true},"in2DMode":false,"pivot":{"x":0.2000807523727417,"y":0.24575504660606385,"z":-0.0454234778881073},"rotation":{"x":0.2808786928653717,"y":0.0813961774110794,"z":0.026604846119880678,"w":-0.9552953243255615},"size":1.6502680778503419,"orthographic":false}