{"cameraMode":{"drawMode":0,"name":"Shaded","section":"Shading Mode"},"sceneLighting":false,"audioPlay":false,"sceneViewState":{"m_AlwaysRefresh":false,"showFog":true,"showSkybox":false,"showFlares":true,"showImageEffects":true,"showParticleSystems":true,"showVisualEffectGraphs":true,"m_FxEnabled":true},"in2DMode":false,"pivot":{"x":0.04853392392396927,"y":0.0477922260761261,"z":0.0335460901260376},"rotation":{"x":0.014160293154418469,"y":-0.9423112869262695,"z":-0.02963932603597641,"w":-0.3311217725276947},"size":0.11253218352794647,"orthographic":false}