{"cameraMode":{"drawMode":0,"name":"Shaded","section":"Shading Mode"},"sceneLighting":false,"audioPlay":false,"sceneViewState":{"m_AlwaysRefresh":false,"showFog":true,"showSkybox":false,"showFlares":true,"showImageEffects":true,"showParticleSystems":true,"showVisualEffectGraphs":true,"m_FxEnabled":true},"in2DMode":false,"pivot":{"x":-0.2904679775238037,"y":1.0288013219833375,"z":-0.6295637488365173},"rotation":{"x":0.032653894275426868,"y":-0.969457745552063,"z":0.1414930373430252,"w":0.19240260124206544},"size":1.4206398725509644,"orthographic":false}