{"cameraMode":{"drawMode":0,"name":"Shaded","section":"Shading Mode"},"sceneLighting":false,"audioPlay":false,"sceneViewState":{"m_AlwaysRefresh":false,"showFog":true,"showSkybox":false,"showFlares":true,"showImageEffects":true,"showParticleSystems":true,"showVisualEffectGraphs":true,"m_FxEnabled":true},"in2DMode":false,"pivot":{"x":-12.590335845947266,"y":3.8366458415985109,"z":-8.41592788696289},"rotation":{"x":-0.2464664876461029,"y":0.044430702924728397,"z":-0.008739808574318886,"w":-0.9675542712211609},"size":1.7154875993728638,"orthographic":false}