{"cameraMode":{"drawMode":0,"name":"Shaded","section":"Shading Mode"},"sceneLighting":false,"audioPlay":false,"sceneViewState":{"m_AlwaysRefresh":false,"showFog":true,"showSkybox":false,"showFlares":true,"showImageEffects":true,"showParticleSystems":true,"showVisualEffectGraphs":true,"m_FxEnabled":true},"in2DMode":false,"pivot":{"x":-0.5589359998703003,"y":0.9406156539916992,"z":-0.7740834951400757},"rotation":{"x":-0.011634097434580326,"y":0.9479550719261169,"z":-0.021727263927459718,"w":-0.31420615315437319},"size":1.4197895526885987,"orthographic":false}