{"cameraMode":{"drawMode":0,"name":"Shaded","section":"Shading Mode"},"sceneLighting":false,"audioPlay":false,"sceneViewState":{"m_AlwaysRefresh":false,"showFog":false,"showSkybox":false,"showFlares":false,"showImageEffects":false,"showParticleSystems":false,"showVisualEffectGraphs":true,"m_FxEnabled":true},"in2DMode":false,"pivot":{"x":0.09650605916976929,"y":0.8199354410171509,"z":0.04156213998794556},"rotation":{"x":-0.11461108177900315,"y":0.14592677354812623,"z":-0.014408959075808525,"w":-0.9819052219390869},"size":1.5436924695968629,"orthographic":false}