{"cameraMode":{"drawMode":0,"name":"Shaded","section":"Shading Mode"},"sceneLighting":false,"audioPlay":false,"sceneViewState":{"m_AlwaysRefresh":false,"showFog":true,"showSkybox":false,"showFlares":true,"showImageEffects":true,"showParticleSystems":true,"showVisualEffectGraphs":true,"m_FxEnabled":true},"in2DMode":false,"pivot":{"x":-0.000018979771994054317,"y":0.0000018613488919072552,"z":-0.00003543867205735296},"rotation":{"x":-0.015703128650784494,"y":0.971461832523346,"z":0.04830586537718773,"w":0.22725990414619447},"size":0.000017320508050033823,"orthographic":false}