{"cameraMode":{"drawMode":0,"name":"Shaded","section":"Shading Mode"},"sceneLighting":false,"audioPlay":false,"sceneViewState":{"m_AlwaysRefresh":false,"showFog":true,"showSkybox":false,"showFlares":true,"showImageEffects":true,"showParticleSystems":true,"showVisualEffectGraphs":true,"m_FxEnabled":true},"in2DMode":false,"pivot":{"x":-12.266960144042969,"y":3.4841418266296388,"z":-2.086484432220459},"rotation":{"x":0.0916639119386673,"y":-0.07664180546998978,"z":0.0024956408888101579,"w":0.9917663335800171},"size":2.8804445266723635,"orthographic":false}