{"cameraMode":{"drawMode":0,"name":"Shaded","section":"Shading Mode"},"sceneLighting":false,"audioPlay":false,"sceneViewState":{"m_AlwaysRefresh":false,"showFog":true,"showSkybox":false,"showFlares":true,"showImageEffects":true,"showParticleSystems":true,"showVisualEffectGraphs":true,"m_FxEnabled":true},"in2DMode":false,"pivot":{"x":-0.041134390980005267,"y":1.6198700666427613,"z":1.1636024713516236},"rotation":{"x":0.03189216926693916,"y":-0.9644742608070374,"z":0.11258068680763245,"w":0.23248407244682313},"size":1.4244885444641114,"orthographic":false}