{"cameraMode":{"drawMode":0,"name":"Shaded","section":"Shading Mode"},"sceneLighting":false,"audioPlay":false,"sceneViewState":{"m_AlwaysRefresh":false,"showFog":true,"showSkybox":false,"showFlares":true,"showImageEffects":true,"showParticleSystems":true,"showVisualEffectGraphs":true,"m_FxEnabled":true},"in2DMode":false,"pivot":{"x":0.0006129443645477295,"y":0.18578070402145387,"z":0.0033986568450927736},"rotation":{"x":-0.2223948836326599,"y":0.4992035925388336,"z":-0.1343001276254654,"w":-0.8266353011131287},"size":0.226143941283226,"orthographic":false}