{"cameraMode":{"drawMode":0,"name":"Shaded","section":"Shading Mode"},"sceneLighting":false,"audioPlay":false,"sceneViewState":{"m_AlwaysRefresh":false,"showFog":true,"showSkybox":false,"showFlares":true,"showImageEffects":true,"showParticleSystems":true,"showVisualEffectGraphs":true,"m_FxEnabled":true},"in2DMode":false,"pivot":{"x":-0.012538909912109375,"y":0.10948514938354492,"z":-0.04758328199386597},"rotation":{"x":-0.2840847373008728,"y":0.04052409902215004,"z":-0.012017197906970978,"w":-0.9578858017921448},"size":4.941696643829346,"orthographic":false}