{"cameraMode":{"drawMode":0,"name":"Shaded","section":"Shading Mode"},"sceneLighting":false,"audioPlay":false,"sceneViewState":{"m_AlwaysRefresh":false,"showFog":true,"showSkybox":false,"showFlares":true,"showImageEffects":true,"showParticleSystems":true,"showVisualEffectGraphs":true,"m_FxEnabled":true},"in2DMode":false,"pivot":{"x":-0.7591994404792786,"y":1.8755552768707276,"z":-1.269731879234314},"rotation":{"x":-0.21434886753559113,"y":-0.01448900531977415,"z":0.005610826425254345,"w":-0.9755938649177551},"size":1.6045540571212769,"orthographic":false}