{"cameraMode":{"drawMode":0,"name":"Shaded","section":"Shading Mode"},"sceneLighting":false,"audioPlay":false,"sceneViewState":{"m_AlwaysRefresh":false,"showFog":true,"showSkybox":false,"showFlares":true,"showImageEffects":true,"showParticleSystems":true,"showVisualEffectGraphs":true,"m_FxEnabled":true},"in2DMode":false,"pivot":{"x":-3.290177583694458,"y":3.0771589279174806,"z":3.7864198684692385},"rotation":{"x":0.0975831151008606,"y":0.8922468423843384,"z":-0.25603267550468447,"w":0.35605958104133608},"size":0.6960604190826416,"orthographic":false}