{"cameraMode":{"drawMode":0,"name":"Shaded","section":"Shading Mode"},"sceneLighting":false,"audioPlay":false,"sceneViewState":{"m_AlwaysRefresh":false,"showFog":true,"showSkybox":false,"showFlares":true,"showImageEffects":true,"showParticleSystems":true,"showVisualEffectGraphs":true,"m_FxEnabled":true},"in2DMode":false,"pivot":{"x":-0.011965140700340271,"y":0.01008354127407074,"z":-0.0003082994371652603},"rotation":{"x":-0.08965256065130234,"y":-0.7950572371482849,"z":0.12893469631671906,"w":-0.5840413570404053},"size":0.11253218352794647,"orthographic":false}