{"cameraMode":{"drawMode":0,"name":"Shaded","section":"Shading Mode"},"sceneLighting":false,"audioPlay":false,"sceneViewState":{"m_AlwaysRefresh":false,"showFog":true,"showSkybox":false,"showFlares":true,"showImageEffects":true,"showParticleSystems":true,"showVisualEffectGraphs":true,"m_FxEnabled":true},"in2DMode":false,"pivot":{"x":-0.000004291534423828125,"y":0.8434177041053772,"z":-0.05671495199203491},"rotation":{"x":-0.055076275020837787,"y":0.9141397476196289,"z":-0.1328469067811966,"w":-0.37898632884025576},"size":1.420640230178833,"orthographic":false}