{"cameraMode":{"drawMode":0,"name":"Shaded","section":"Shading Mode"},"sceneLighting":false,"audioPlay":false,"sceneViewState":{"m_AlwaysRefresh":false,"showFog":true,"showSkybox":false,"showFlares":true,"showImageEffects":true,"showParticleSystems":true,"showVisualEffectGraphs":true,"m_FxEnabled":true},"in2DMode":false,"pivot":{"x":0.00003121711779385805,"y":0.0007597496150992811,"z":0.0000948120141401887},"rotation":{"x":-0.05056936293840408,"y":0.9415223002433777,"z":-0.1643485575914383,"w":-0.28971484303474429},"size":0.0025254376232624056,"orthographic":false}