{"cameraMode":{"drawMode":0,"name":"Shaded","section":"Shading Mode"},"sceneLighting":false,"audioPlay":false,"sceneViewState":{"m_AlwaysRefresh":false,"showFog":true,"showSkybox":false,"showFlares":true,"showImageEffects":true,"showParticleSystems":true,"showVisualEffectGraphs":true,"m_FxEnabled":true},"in2DMode":false,"pivot":{"x":-0.008773937821388245,"y":1.1057312488555909,"z":-0.0011407732963562012},"rotation":{"x":-0.2840847373008728,"y":0.04052409902215004,"z":-0.012017197906970978,"w":-0.9578858017921448},"size":1.1348776817321778,"orthographic":false}