{"cameraMode":{"drawMode":0,"name":"Shaded","section":"Shading Mode"},"sceneLighting":false,"audioPlay":false,"sceneViewState":{"m_AlwaysRefresh":false,"showFog":true,"showSkybox":false,"showFlares":true,"showImageEffects":true,"showParticleSystems":true,"showVisualEffectGraphs":true,"m_FxEnabled":true},"in2DMode":false,"pivot":{"x":0.23540517687797547,"y":1.4735279083251954,"z":-0.41510510444641116},"rotation":{"x":0.007195735815912485,"y":-0.994720995426178,"z":0.034279655665159228,"w":0.08518001437187195},"size":1.4197895526885987,"orthographic":false}