{"cameraMode":{"drawMode":0,"name":"Shaded","section":"Shading Mode"},"sceneLighting":true,"audioPlay":false,"sceneViewState":{"m_AlwaysRefresh":false,"showFog":true,"showSkybox":true,"showFlares":true,"showImageEffects":true,"showParticleSystems":true,"showVisualEffectGraphs":true,"m_FxEnabled":true},"in2DMode":false,"pivot":{"x":-31.129608154296876,"y":4.552532196044922,"z":-13.120818138122559},"rotation":{"x":-0.04582621529698372,"y":0.25214239954948428,"z":-0.009612730704247952,"w":-0.9659169316291809},"size":0.11253242194652558,"orthographic":false}