{"cameraMode":{"drawMode":0,"name":"Shaded","section":"Shading Mode"},"sceneLighting":true,"audioPlay":false,"sceneViewState":{"m_AlwaysRefresh":false,"showFog":true,"showSkybox":true,"showFlares":true,"showImageEffects":true,"showParticleSystems":true,"showVisualEffectGraphs":true,"m_FxEnabled":true},"in2DMode":false,"pivot":{"x":147.77020263671876,"y":130.18238830566407,"z":-16.95943832397461},"rotation":{"x":-0.10405343025922775,"y":0.43101459741592409,"z":-0.04664609953761101,"w":-0.8943532705307007},"size":35.35533905029297,"orthographic":false}