{"cameraMode":{"drawMode":0,"name":"Shaded","section":"Shading Mode"},"sceneLighting":true,"audioPlay":false,"sceneViewState":{"m_AlwaysRefresh":false,"showFog":true,"showSkybox":true,"showFlares":true,"showImageEffects":true,"showParticleSystems":true,"showVisualEffectGraphs":true,"m_FxEnabled":true},"in2DMode":false,"pivot":{"x":-1.5647697448730469,"y":-0.8289203643798828,"z":4.176605224609375},"rotation":{"x":0.14962539076805116,"y":-0.04229145497083664,"z":0.0023723598569631578,"w":0.986798882484436},"size":11.08955192565918,"orthographic":false}