{"cameraMode":{"drawMode":0,"name":"Shaded","section":"Shading Mode"},"sceneLighting":true,"audioPlay":false,"sceneViewState":{"m_AlwaysRefresh":false,"showFog":true,"showSkybox":true,"showFlares":true,"showImageEffects":true,"showParticleSystems":true,"showVisualEffectGraphs":true,"m_FxEnabled":true},"in2DMode":false,"pivot":{"x":-5.8460283279418949,"y":-6.201450347900391,"z":33.18642807006836},"rotation":{"x":-0.11387783288955689,"y":-0.020175261422991754,"z":0.006217027548700571,"w":-0.9925280213356018},"size":28.284273147583009,"orthographic":false}