{"cameraMode":{"drawMode":0,"name":"Shaded","section":"Shading Mode"},"sceneLighting":true,"audioPlay":false,"sceneViewState":{"m_AlwaysRefresh":false,"showFog":true,"showSkybox":true,"showFlares":true,"showImageEffects":true,"showParticleSystems":true,"showVisualEffectGraphs":true,"m_FxEnabled":true},"in2DMode":false,"pivot":{"x":6.648838043212891,"y":17.191242218017579,"z":-46.347633361816409},"rotation":{"x":-0.12854835391044618,"y":-0.045349396765232089,"z":0.00968955922871828,"w":-0.9898626804351807},"size":1.7154960632324219,"orthographic":false}