{"cameraMode":{"drawMode":0,"name":"Shaded","section":"Shading Mode"},"sceneLighting":true,"audioPlay":false,"sceneViewState":{"m_AlwaysRefresh":false,"showFog":true,"showSkybox":true,"showFlares":true,"showImageEffects":true,"showParticleSystems":true,"showVisualEffectGraphs":true,"m_FxEnabled":true},"in2DMode":false,"pivot":{"x":20.28261947631836,"y":3.056096076965332,"z":-13.031451225280762},"rotation":{"x":-0.08565063774585724,"y":0.07449185103178024,"z":-0.0027356953360140325,"w":-0.9924513697624207},"size":0.11477351188659668,"orthographic":false}