{"cameraMode":{"drawMode":0,"name":"Shaded","section":"Shading Mode"},"sceneLighting":true,"audioPlay":false,"sceneViewState":{"m_AlwaysRefresh":false,"showFog":true,"showSkybox":true,"showFlares":true,"showImageEffects":true,"showParticleSystems":true,"showVisualEffectGraphs":true,"m_FxEnabled":true},"in2DMode":false,"pivot":{"x":6.076630592346191,"y":13.72625732421875,"z":-40.519039154052737},"rotation":{"x":-0.10956292599439621,"y":0.01848062314093113,"z":0.0013971853768453003,"w":-0.9931284189224243},"size":0.11253201216459274,"orthographic":false}