{"cameraMode":{"drawMode":0,"name":"Shaded","section":"Shading Mode"},"sceneLighting":true,"audioPlay":false,"sceneViewState":{"m_AlwaysRefresh":false,"showFog":true,"showSkybox":true,"showFlares":true,"showImageEffects":true,"showParticleSystems":true,"showVisualEffectGraphs":true,"m_FxEnabled":true},"in2DMode":false,"pivot":{"x":19.989198684692384,"y":6.571935176849365,"z":-13.383360862731934},"rotation":{"x":0.006983296014368534,"y":0.06012623757123947,"z":0.0034748625475913288,"w":-0.9974797964096069},"size":1.715494990348816,"orthographic":false}