{"cameraMode":{"drawMode":0,"name":"Shaded","section":"Shading Mode"},"sceneLighting":true,"audioPlay":false,"sceneViewState":{"m_AlwaysRefresh":false,"showFog":true,"showSkybox":true,"showFlares":true,"showImageEffects":true,"showParticleSystems":true,"showVisualEffectGraphs":true,"m_FxEnabled":true},"in2DMode":false,"pivot":{"x":16.220760345458986,"y":7.334708213806152,"z":-21.759218215942384},"rotation":{"x":-0.10057038813829422,"y":0.006820544134825468,"z":0.0031779995188117029,"w":-0.9939655065536499},"size":0.8660253882408142,"orthographic":false}