{"cameraMode":{"drawMode":0,"name":"Shaded","section":"Shading Mode"},"sceneLighting":false,"audioPlay":false,"sceneViewState":{"m_AlwaysRefresh":false,"showFog":true,"showSkybox":false,"showFlares":true,"showImageEffects":true,"showParticleSystems":true,"showVisualEffectGraphs":true,"m_FxEnabled":true},"in2DMode":false,"pivot":{"x":0.004563033580780029,"y":0.03284342586994171,"z":-0.00005930662155151367},"rotation":{"x":-0.3941023647785187,"y":-0.15436413884162904,"z":0.06734102219343186,"w":-0.9035112261772156},"size":1.2223811149597169,"orthographic":false}