{"cameraMode":{"drawMode":0,"name":"Shaded","section":"Shading Mode"},"sceneLighting":false,"audioPlay":false,"sceneViewState":{"m_AlwaysRefresh":false,"showFog":false,"showSkybox":false,"showFlares":false,"showImageEffects":false,"showParticleSystems":false,"showVisualEffectGraphs":true,"m_FxEnabled":true},"in2DMode":false,"pivot":{"x":0.1351485252380371,"y":0.8466321229934692,"z":0.13075625896453858},"rotation":{"x":-0.2711976170539856,"y":-0.32923850417137148,"z":0.10248918831348419,"w":-0.8979584574699402},"size":1.6782838106155396,"orthographic":false}