{"cameraMode":{"drawMode":0,"name":"Shaded","section":"Shading Mode"},"sceneLighting":false,"audioPlay":false,"sceneViewState":{"m_AlwaysRefresh":false,"showFog":true,"showSkybox":false,"showFlares":true,"showImageEffects":true,"showParticleSystems":true,"showVisualEffectGraphs":true,"m_FxEnabled":true},"in2DMode":false,"pivot":{"x":-0.8559098243713379,"y":14.759224891662598,"z":199.38128662109376},"rotation":{"x":-0.0017509961035102606,"y":0.9672395586967468,"z":-0.010059131309390068,"w":0.2496155947446823},"size":10.310382843017579,"orthographic":false}