{"cameraMode":{"drawMode":0,"name":"Shaded","section":"Shading Mode"},"sceneLighting":false,"audioPlay":false,"sceneViewState":{"m_AlwaysRefresh":false,"showFog":true,"showSkybox":false,"showFlares":true,"showImageEffects":true,"showParticleSystems":true,"showVisualEffectGraphs":true,"m_FxEnabled":true},"in2DMode":false,"pivot":{"x":0.00014093518257141113,"y":0.20645643770694734,"z":0.02136331796646118},"rotation":{"x":-0.2223948836326599,"y":0.4992035925388336,"z":-0.1343001276254654,"w":-0.8266353011131287},"size":0.25821807980537417,"orthographic":false}