{"cameraMode":{"drawMode":0,"name":"Shaded","section":"Shading Mode"},"sceneLighting":false,"audioPlay":false,"sceneViewState":{"m_AlwaysRefresh":false,"showFog":true,"showSkybox":false,"showFlares":true,"showImageEffects":true,"showParticleSystems":true,"showVisualEffectGraphs":true,"m_FxEnabled":true},"in2DMode":false,"pivot":{"x":-0.0003916621208190918,"y":0.1880154311656952,"z":-0.00039309263229370117},"rotation":{"x":-0.05056936293840408,"y":0.9415223002433777,"z":-0.1643485575914383,"w":-0.28971484303474429},"size":0.3542670011520386,"orthographic":false}