{"cameraMode":{"drawMode":0,"name":"Shaded","section":"Shading Mode"},"sceneLighting":false,"audioPlay":false,"sceneViewState":{"m_AlwaysRefresh":false,"showFog":true,"showSkybox":false,"showFlares":true,"showImageEffects":true,"showParticleSystems":true,"showVisualEffectGraphs":true,"m_FxEnabled":true},"in2DMode":false,"pivot":{"x":-0.019019603729248048,"y":-0.015940412878990175,"z":0.013197481632232666},"rotation":{"x":-0.008596472442150116,"y":0.8766462802886963,"z":0.006900257430970669,"w":0.4788876175880432},"size":0.8397600650787354,"orthographic":false}