{"cameraMode":{"drawMode":0,"name":"Shaded","section":"Shading Mode"},"sceneLighting":false,"audioPlay":false,"sceneViewState":{"m_AlwaysRefresh":false,"showFog":true,"showSkybox":false,"showFlares":true,"showImageEffects":true,"showParticleSystems":true,"showVisualEffectGraphs":true,"m_FxEnabled":true},"in2DMode":false,"pivot":{"x":0.0070001184940338139,"y":0.23643866181373597,"z":0.006028413772583008},"rotation":{"x":-0.05056936293840408,"y":0.9415223002433777,"z":-0.1643485575914383,"w":-0.28971484303474429},"size":0.2891738712787628,"orthographic":false}