{"cameraMode":{"drawMode":0,"name":"Shaded","section":"Shading Mode"},"sceneLighting":false,"audioPlay":false,"sceneViewState":{"m_AlwaysRefresh":false,"showFog":true,"showSkybox":false,"showFlares":true,"showImageEffects":true,"showParticleSystems":true,"showVisualEffectGraphs":true,"m_FxEnabled":true},"in2DMode":false,"pivot":{"x":-4.776337623596191,"y":1.7003977298736573,"z":5.740206718444824},"rotation":{"x":0.034703634679317477,"y":0.8805585503578186,"z":-0.07511655986309052,"w":0.4644680619239807},"size":1.6692999601364136,"orthographic":false}