{"cameraMode":{"drawMode":0,"name":"Shaded","section":"Shading Mode"},"sceneLighting":false,"audioPlay":false,"sceneViewState":{"m_AlwaysRefresh":false,"showFog":true,"showSkybox":false,"showFlares":true,"showImageEffects":true,"showParticleSystems":true,"showVisualEffectGraphs":true,"m_FxEnabled":true},"in2DMode":false,"pivot":{"x":-0.5473837852478027,"y":0.13347993791103364,"z":0.5575497150421143},"rotation":{"x":0.022207705304026605,"y":0.9451139569282532,"z":-0.07344598323106766,"w":0.3159473240375519},"size":0.020961245521903039,"orthographic":false}