{"cameraMode":{"drawMode":0,"name":"Shaded","section":"Shading Mode"},"sceneLighting":false,"audioPlay":false,"sceneViewState":{"m_AlwaysRefresh":false,"showFog":true,"showSkybox":false,"showFlares":true,"showImageEffects":true,"showParticleSystems":true,"showVisualEffectGraphs":true,"m_FxEnabled":true},"in2DMode":false,"pivot":{"x":-0.0031791303772479297,"y":0.04475391283631325,"z":0.308030366897583},"rotation":{"x":-0.0032019687350839378,"y":0.9968785643577576,"z":-0.07068073004484177,"w":-0.013354143127799034},"size":0.020961245521903039,"orthographic":false}