{"cameraMode":{"drawMode":0,"name":"Shaded","section":"Shading Mode"},"sceneLighting":false,"audioPlay":false,"sceneViewState":{"m_AlwaysRefresh":false,"showFog":true,"showSkybox":false,"showFlares":true,"showImageEffects":true,"showParticleSystems":true,"showVisualEffectGraphs":true,"m_FxEnabled":true},"in2DMode":false,"pivot":{"x":42.77519989013672,"y":1.3675622940063477,"z":-0.36832714080810549},"rotation":{"x":0.05577240139245987,"y":-0.012426154688000679,"z":-0.003480355255305767,"w":0.9973346590995789},"size":1.7990357875823975,"orthographic":false}