{"cameraMode":{"drawMode":0,"name":"Shaded","section":"Shading Mode"},"sceneLighting":false,"audioPlay":false,"sceneViewState":{"m_AlwaysRefresh":false,"showFog":true,"showSkybox":false,"showFlares":true,"showImageEffects":true,"showParticleSystems":true,"showVisualEffectGraphs":true,"m_FxEnabled":true},"in2DMode":false,"pivot":{"x":6.809445949329529e-7,"y":0.00002778955786197912,"z":-0.000004255969543009996},"rotation":{"x":0.2808786928653717,"y":0.0813961774110794,"z":0.026604846119880678,"w":-0.9552953243255615},"size":0.00001732051168801263,"orthographic":false}