{"cameraMode":{"drawMode":0,"name":"Shaded","section":"Shading Mode"},"sceneLighting":false,"audioPlay":false,"sceneViewState":{"m_AlwaysRefresh":false,"showFog":false,"showSkybox":false,"showFlares":false,"showImageEffects":false,"showParticleSystems":false,"showVisualEffectGraphs":true,"m_FxEnabled":true},"in2DMode":false,"pivot":{"x":0.0721445083618164,"y":0.8256897926330566,"z":0.10324183106422425},"rotation":{"x":-0.2711976170539856,"y":-0.32923850417137148,"z":0.10248918831348419,"w":-0.8979584574699402},"size":1.7565574645996094,"orthographic":false}