{"cameraMode":{"drawMode":0,"name":"Shaded","section":"Shading Mode"},"sceneLighting":false,"audioPlay":false,"sceneViewState":{"m_AlwaysRefresh":false,"showFog":true,"showSkybox":false,"showFlares":true,"showImageEffects":true,"showParticleSystems":true,"showVisualEffectGraphs":true,"m_FxEnabled":true},"in2DMode":false,"pivot":{"x":-0.000004291534423828125,"y":0.11665831506252289,"z":0.01968008279800415},"rotation":{"x":-0.2223948836326599,"y":0.4992035925388336,"z":-0.1343001276254654,"w":-0.8266353011131287},"size":0.31503522396087649,"orthographic":false}