{"cameraMode":{"drawMode":0,"name":"Shaded","section":"Shading Mode"},"sceneLighting":false,"audioPlay":false,"sceneViewState":{"m_AlwaysRefresh":false,"showFog":true,"showSkybox":false,"showFlares":true,"showImageEffects":true,"showParticleSystems":true,"showVisualEffectGraphs":true,"m_FxEnabled":true},"in2DMode":false,"pivot":{"x":-0.0000025033950805664064,"y":0.8684707880020142,"z":-0.05812948942184448},"rotation":{"x":0.03189216926693916,"y":-0.9644742608070374,"z":0.11258068680763245,"w":0.23248407244682313},"size":1.4360973834991456,"orthographic":false}