{"cameraMode":{"drawMode":0,"name":"Shaded","section":"Shading Mode"},"sceneLighting":false,"audioPlay":false,"sceneViewState":{"m_AlwaysRefresh":false,"showFog":true,"showSkybox":false,"showFlares":true,"showImageEffects":true,"showParticleSystems":true,"showVisualEffectGraphs":true,"m_FxEnabled":true},"in2DMode":false,"pivot":{"x":-0.09960031509399414,"y":1.2282253503799439,"z":-0.3471529483795166},"rotation":{"x":0.03307977691292763,"y":-0.966235876083374,"z":0.12611514329910279,"w":0.2175711691379547},"size":1.4360973834991456,"orthographic":false}