{"cameraMode":{"drawMode":0,"name":"Shaded","section":"Shading Mode"},"sceneLighting":false,"audioPlay":false,"sceneViewState":{"m_AlwaysRefresh":false,"showFog":true,"showSkybox":false,"showFlares":true,"showImageEffects":true,"showParticleSystems":true,"showVisualEffectGraphs":true,"m_FxEnabled":true},"in2DMode":false,"pivot":{"x":-5.113706588745117,"y":0.9755587577819824,"z":4.969829559326172},"rotation":{"x":0.024191556498408319,"y":0.9259456992149353,"z":-0.07286977767944336,"w":0.3669990301132202},"size":0.000017320509869023226,"orthographic":false}