{"cameraMode":{"drawMode":0,"name":"Shaded","section":"Shading Mode"},"sceneLighting":false,"audioPlay":false,"sceneViewState":{"m_AlwaysRefresh":false,"showFog":true,"showSkybox":false,"showFlares":true,"showImageEffects":true,"showParticleSystems":true,"showVisualEffectGraphs":true,"m_FxEnabled":true},"in2DMode":false,"pivot":{"x":0.07951286435127258,"y":-0.0013162791728973389,"z":-0.08962321281433106},"rotation":{"x":-0.008596472442150116,"y":0.8766462802886963,"z":0.006900257430970669,"w":0.4788876175880432},"size":0.6963543891906738,"orthographic":false}