{"cameraMode":{"drawMode":0,"name":"Shaded","section":"Shading Mode"},"sceneLighting":false,"audioPlay":false,"sceneViewState":{"m_AlwaysRefresh":false,"showFog":true,"showSkybox":false,"showFlares":true,"showImageEffects":true,"showParticleSystems":true,"showVisualEffectGraphs":true,"m_FxEnabled":true},"in2DMode":false,"pivot":{"x":455.8492736816406,"y":65.44007110595703,"z":-137.2140655517578},"rotation":{"x":0.002799799432978034,"y":-0.020741060376167299,"z":0.00564615847542882,"w":-0.9991428256034851},"size":70.35525512695313,"orthographic":false}