{"cameraMode":{"drawMode":0,"name":"Shaded","section":"Shading Mode"},"sceneLighting":false,"audioPlay":false,"sceneViewState":{"m_AlwaysRefresh":false,"showFog":true,"showSkybox":false,"showFlares":true,"showImageEffects":true,"showParticleSystems":true,"showVisualEffectGraphs":true,"m_FxEnabled":true},"in2DMode":false,"pivot":{"x":226.3644561767578,"y":201.78408813476563,"z":363.1972351074219},"rotation":{"x":0.012318531051278115,"y":-0.11647217720746994,"z":0.00479953084141016,"w":-0.9924915432929993},"size":391.21893310546877,"orthographic":false}