{"cameraMode":{"drawMode":0,"name":"Shaded","section":"Shading Mode"},"sceneLighting":false,"audioPlay":false,"sceneViewState":{"m_AlwaysRefresh":false,"showFog":true,"showSkybox":false,"showFlares":true,"showImageEffects":true,"showParticleSystems":true,"showVisualEffectGraphs":true,"m_FxEnabled":true},"in2DMode":false,"pivot":{"x":-7.664448261260986,"y":1.9817779064178467,"z":4.583165168762207},"rotation":{"x":-0.008596472442150116,"y":0.8766462802886963,"z":0.006900257430970669,"w":0.4788876175880432},"size":0.000017320508050033823,"orthographic":false}