{"cameraMode":{"drawMode":0,"name":"Shaded","section":"Shading Mode"},"sceneLighting":false,"audioPlay":false,"sceneViewState":{"m_AlwaysRefresh":false,"showFog":true,"showSkybox":false,"showFlares":true,"showImageEffects":true,"showParticleSystems":true,"showVisualEffectGraphs":true,"m_FxEnabled":true},"in2DMode":false,"pivot":{"x":4.773643493652344,"y":-1.0484389066696168,"z":-0.09122157096862793},"rotation":{"x":-0.2840847373008728,"y":0.04052409902215004,"z":-0.012017197906970978,"w":-0.9578858017921448},"size":9.102283477783204,"orthographic":false}