{"cameraMode":{"drawMode":0,"name":"Shaded","section":"Shading Mode"},"sceneLighting":false,"audioPlay":false,"sceneViewState":{"m_AlwaysRefresh":false,"showFog":true,"showSkybox":false,"showFlares":true,"showImageEffects":true,"showParticleSystems":true,"showVisualEffectGraphs":true,"m_FxEnabled":true},"in2DMode":false,"pivot":{"x":-0.47890597581863406,"y":1.0802350044250489,"z":-1.255071759223938},"rotation":{"x":0.012395945377647877,"y":-0.9797541499137878,"z":0.04063677042722702,"w":0.1903400719165802},"size":1.436493158340454,"orthographic":false}