{"cameraMode":{"drawMode":0,"name":"Shaded","section":"Shading Mode"},"sceneLighting":false,"audioPlay":false,"sceneViewState":{"m_AlwaysRefresh":false,"showFog":true,"showSkybox":false,"showFlares":true,"showImageEffects":true,"showParticleSystems":true,"showVisualEffectGraphs":true,"m_FxEnabled":true},"in2DMode":false,"pivot":{"x":0.031829893589019778,"y":0.8622094392776489,"z":0.010655760765075684},"rotation":{"x":0.045856866985559466,"y":0.9387634992599487,"z":-0.1579209417104721,"w":0.29939836263656618},"size":1.3996368646621705,"orthographic":false}