{"cameraMode":{"drawMode":0,"name":"Shaded","section":"Shading Mode"},"sceneLighting":false,"audioPlay":false,"sceneViewState":{"m_AlwaysRefresh":false,"showFog":true,"showSkybox":false,"showFlares":true,"showImageEffects":true,"showParticleSystems":true,"showVisualEffectGraphs":true,"m_FxEnabled":true},"in2DMode":false,"pivot":{"x":-2.5199687480926515,"y":1.6071131229400635,"z":-3.680178642272949},"rotation":{"x":0.011156385764479638,"y":-0.9889713525772095,"z":0.11497603356838227,"w":0.08858782052993775},"size":5.006516933441162,"orthographic":false}