{"cameraMode":{"drawMode":0,"name":"Shaded","section":"Shading Mode"},"sceneLighting":false,"audioPlay":false,"sceneViewState":{"m_AlwaysRefresh":false,"showFog":true,"showSkybox":false,"showFlares":true,"showImageEffects":true,"showParticleSystems":true,"showVisualEffectGraphs":true,"m_FxEnabled":true},"in2DMode":false,"pivot":{"x":40.559417724609378,"y":2.5370090007781984,"z":1.872201681137085},"rotation":{"x":-0.08870881795883179,"y":-0.44944047927856448,"z":0.04744727537035942,"w":-0.8868829011917114},"size":2.6252098083496095,"orthographic":false}