{"cameraMode":{"drawMode":0,"name":"Shaded","section":"Shading Mode"},"sceneLighting":false,"audioPlay":false,"sceneViewState":{"m_AlwaysRefresh":false,"showFog":true,"showSkybox":false,"showFlares":true,"showImageEffects":true,"showParticleSystems":true,"showVisualEffectGraphs":true,"m_FxEnabled":true},"in2DMode":false,"pivot":{"x":-1.0319256782531739,"y":1.4160634279251099,"z":5.2067108154296879},"rotation":{"x":-0.013968313112854958,"y":-0.9811432361602783,"z":0.15194310247898103,"w":-0.10971485078334809},"size":0.5548242926597595,"orthographic":false}