{"cameraMode":{"drawMode":0,"name":"Shaded","section":"Shading Mode"},"sceneLighting":false,"audioPlay":false,"sceneViewState":{"m_AlwaysRefresh":false,"showFog":true,"showSkybox":false,"showFlares":true,"showImageEffects":true,"showParticleSystems":true,"showVisualEffectGraphs":true,"m_FxEnabled":true},"in2DMode":false,"pivot":{"x":-0.06778837740421295,"y":0.19770671427249909,"z":-0.03042292594909668},"rotation":{"x":-0.02301732636988163,"y":0.9713667035102844,"z":-0.10562237352132797,"w":-0.21162892878055573},"size":0.3391013443470001,"orthographic":false}