{"cameraMode":{"drawMode":0,"name":"Shaded","section":"Shading Mode"},"sceneLighting":false,"audioPlay":false,"sceneViewState":{"m_AlwaysRefresh":false,"showFog":true,"showSkybox":false,"showFlares":true,"showImageEffects":true,"showParticleSystems":true,"showVisualEffectGraphs":true,"m_FxEnabled":true},"in2DMode":false,"pivot":{"x":-0.0021359920501708986,"y":0.004947662353515625,"z":0.21102553606033326},"rotation":{"x":0.00816270150244236,"y":0.9599810242652893,"z":-0.04472086578607559,"w":0.2726385295391083},"size":0.8482411503791809,"orthographic":false}