{"cameraMode":{"drawMode":0,"name":"Shaded","section":"Shading Mode"},"sceneLighting":false,"audioPlay":false,"sceneViewState":{"m_AlwaysRefresh":false,"showFog":true,"showSkybox":false,"showFlares":true,"showImageEffects":true,"showParticleSystems":true,"showVisualEffectGraphs":true,"m_FxEnabled":true},"in2DMode":false,"pivot":{"x":-2.1922783851623537,"y":10.523804664611817,"z":-7.701281547546387},"rotation":{"x":-0.3108997642993927,"y":-0.1294822245836258,"z":0.045513641089200976,"w":-0.9398508071899414},"size":0.36892691254615786,"orthographic":false}