{"cameraMode":{"drawMode":0,"name":"Shaded","section":"Shading Mode"},"sceneLighting":false,"audioPlay":false,"sceneViewState":{"m_AlwaysRefresh":false,"showFog":true,"showSkybox":false,"showFlares":true,"showImageEffects":true,"showParticleSystems":true,"showVisualEffectGraphs":true,"m_FxEnabled":true},"in2DMode":false,"pivot":{"x":10.514169692993164,"y":16.801517486572267,"z":-176.2556610107422},"rotation":{"x":-0.020607994869351388,"y":0.6573026180267334,"z":0.012375975959002972,"w":0.7518914341926575},"size":10.616255760192871,"orthographic":false}