{"cameraMode":{"drawMode":0,"name":"Shaded","section":"Shading Mode"},"sceneLighting":false,"audioPlay":false,"sceneViewState":{"m_AlwaysRefresh":false,"showFog":true,"showSkybox":false,"showFlares":true,"showImageEffects":true,"showParticleSystems":true,"showVisualEffectGraphs":true,"m_FxEnabled":true},"in2DMode":false,"pivot":{"x":0.0012111663818359376,"y":-0.02070346474647522,"z":0.8809908628463745},"rotation":{"x":-0.131623312830925,"y":0.08224267512559891,"z":-0.008210083469748497,"w":-0.98724764585495},"size":1.1778191328048707,"orthographic":false}