{"cameraMode":{"drawMode":0,"name":"Shaded","section":"Shading Mode"},"sceneLighting":false,"audioPlay":false,"sceneViewState":{"m_AlwaysRefresh":false,"showFog":true,"showSkybox":false,"showFlares":true,"showImageEffects":true,"showParticleSystems":true,"showVisualEffectGraphs":true,"m_FxEnabled":true},"in2DMode":false,"pivot":{"x":-0.07493400573730469,"y":2.0849061012268068,"z":-0.11132627725601196},"rotation":{"x":-0.3108997642993927,"y":-0.1294822245836258,"z":0.045513641089200976,"w":-0.9398508071899414},"size":1.4339816570281983,"orthographic":false}