{"cameraMode":{"drawMode":0,"name":"Shaded","section":"Shading Mode"},"sceneLighting":false,"audioPlay":false,"sceneViewState":{"m_AlwaysRefresh":false,"showFog":true,"showSkybox":false,"showFlares":true,"showImageEffects":true,"showParticleSystems":true,"showVisualEffectGraphs":true,"m_FxEnabled":true},"in2DMode":false,"pivot":{"x":-38.4900016784668,"y":1.538747787475586,"z":-0.48673033714294436},"rotation":{"x":-0.02663857489824295,"y":-0.0030452755745500328,"z":-0.005307477433234453,"w":0.9986407160758972},"size":8.150410652160645,"orthographic":false}