{"cameraMode":{"drawMode":0,"name":"Shaded","section":"Shading Mode"},"sceneLighting":false,"audioPlay":false,"sceneViewState":{"m_AlwaysRefresh":false,"showFog":true,"showSkybox":false,"showFlares":true,"showImageEffects":true,"showParticleSystems":true,"showVisualEffectGraphs":true,"m_FxEnabled":true},"in2DMode":false,"pivot":{"x":0.0000027418136596679689,"y":0.8774300813674927,"z":-0.06118208169937134},"rotation":{"x":-0.04573686048388481,"y":0.9537116289138794,"z":-0.19314232468605042,"w":-0.2258354276418686},"size":1.4394079446792603,"orthographic":false}