{"cameraMode":{"drawMode":0,"name":"Shaded","section":"Shading Mode"},"sceneLighting":false,"audioPlay":false,"sceneViewState":{"m_AlwaysRefresh":false,"showFog":true,"showSkybox":false,"showFlares":true,"showImageEffects":true,"showParticleSystems":true,"showVisualEffectGraphs":true,"m_FxEnabled":true},"in2DMode":false,"pivot":{"x":0.007498264312744141,"y":0.029577016830444337,"z":0.41451358795166018},"rotation":{"x":-0.131623312830925,"y":0.08224267512559891,"z":-0.008210083469748497,"w":-0.98724764585495},"size":2.5034596920013429,"orthographic":false}