{"cameraMode":{"drawMode":0,"name":"Shaded","section":"Shading Mode"},"sceneLighting":false,"audioPlay":false,"sceneViewState":{"m_AlwaysRefresh":false,"showFog":true,"showSkybox":false,"showFlares":true,"showImageEffects":true,"showParticleSystems":true,"showVisualEffectGraphs":true,"m_FxEnabled":true},"in2DMode":false,"pivot":{"x":-0.0000026226043701171877,"y":0.8434789776802063,"z":-0.057818084955215457},"rotation":{"x":-0.055076275020837787,"y":0.9141397476196289,"z":-0.1328469067811966,"w":-0.37898632884025576},"size":1.4192854166030884,"orthographic":false}