{"cameraMode":{"drawMode":0,"name":"Shaded","section":"Shading Mode"},"sceneLighting":false,"audioPlay":false,"sceneViewState":{"m_AlwaysRefresh":false,"showFog":true,"showSkybox":false,"showFlares":true,"showImageEffects":true,"showParticleSystems":true,"showVisualEffectGraphs":true,"m_FxEnabled":true},"in2DMode":false,"pivot":{"x":-0.26145243644714358,"y":2.268087863922119,"z":0.36622801423072817},"rotation":{"x":-0.33851271867752077,"y":-0.65716552734375,"z":0.46098819375038149,"w":-0.48959317803382876},"size":1.1943988800048829,"orthographic":false}