{"cameraMode":{"drawMode":0,"name":"Shaded","section":"Shading Mode"},"sceneLighting":false,"audioPlay":false,"sceneViewState":{"m_AlwaysRefresh":false,"showFog":false,"showSkybox":false,"showFlares":false,"showImageEffects":false,"showParticleSystems":false,"showVisualEffectGraphs":true,"m_FxEnabled":true},"in2DMode":false,"pivot":{"x":-0.35174667835235598,"y":0.8463603854179382,"z":-1.9745200872421265},"rotation":{"x":-0.008250987157225609,"y":0.9926761388778687,"z":-0.08827629685401917,"w":-0.07449804991483689},"size":1.6651219129562379,"orthographic":false}