{"cameraMode":{"drawMode":0,"name":"Shaded","section":"Shading Mode"},"sceneLighting":false,"audioPlay":false,"sceneViewState":{"m_AlwaysRefresh":false,"showFog":true,"showSkybox":false,"showFlares":true,"showImageEffects":true,"showParticleSystems":true,"showVisualEffectGraphs":true,"m_FxEnabled":true},"in2DMode":false,"pivot":{"x":0.00000286102294921875,"y":0.8774300813674927,"z":-0.06118214130401611},"rotation":{"x":0.05577240139245987,"y":-0.012426154688000679,"z":-0.003480355255305767,"w":0.9973346590995789},"size":1.4394080638885499,"orthographic":false}