{"cameraMode":{"drawMode":0,"name":"Shaded","section":"Shading Mode"},"sceneLighting":false,"audioPlay":false,"sceneViewState":{"m_AlwaysRefresh":false,"showFog":true,"showSkybox":false,"showFlares":true,"showImageEffects":true,"showParticleSystems":true,"showVisualEffectGraphs":true,"m_FxEnabled":true},"in2DMode":false,"pivot":{"x":-3.748077392578125,"y":1.5940089225769044,"z":-3.6878204345703127},"rotation":{"x":0.011156385764479638,"y":-0.9889713525772095,"z":0.11497603356838227,"w":0.08858782052993775},"size":5.741572856903076,"orthographic":false}